{
    "vertices":[-3.72298,-1.0067,1.08319,-3.72298,-1.0067,1.81016,-4.44995,-1.0067,1.81016,-4.44995,-1.0067,1.08319,-3.72298,1.0067,1.08319,-3.72298,1.0067,1.81016,-4.44995,1.0067,1.81016,-4.44995,1.0067,1.08319],
    "uvs":[[0.191307,0.847155,0.154847,0.847155,0.154847,0.883614,0.191307,0.883614,0.229768,0.847155,0.193309,0.847155,0.193309,0.883614,0.229768,0.883614,0.883614,0.193309,0.847155,0.193309,0.847155,0.229768,0.883614,0.229768,0.26823,0.847155,0.23177,0.847155,0.23177,0.883614,0.26823,0.883614,0.883614,0.23177,0.847155,0.23177,0.847155,0.26823,0.883614,0.26823,0.883614,0.270232,0.847155,0.270232,0.847155,0.306691,0.883614,0.306691]],
    "faces":[41,0,1,2,3,0,1,2,3,0,0,0,0,41,4,7,6,5,4,5,6,7,1,1,1,1,41,0,4,5,1,8,9,10,11,2,2,2,2,41,1,5,6,2,12,13,14,15,3,3,3,3,41,2,6,7,3,16,17,18,19,4,4,4,4,41,4,0,3,7,20,21,22,23,5,5,5,5],
    "normals":[-4.03344e-14,-1,1.63981e-07,6.7224e-14,1,-1.63981e-07,1,-2.36832e-07,6.55922e-07,-3.27961e-07,-5.92079e-08,1,-1,0,0,3.27961e-07,5.92078e-08,-1],
    "metadata":{
        "version":3,
        "generator":"io_three",
        "uvs":1,
        "faces":6,
        "normals":6,
        "type":"Geometry",
        "vertices":8
    }
}