{
    "faces":[41,0,1,2,3,0,1,2,3,0,0,0,0,41,4,7,6,5,4,5,6,7,1,1,1,1,41,0,4,5,1,8,9,10,11,2,2,2,2,41,1,5,6,2,12,13,14,15,3,3,3,3,41,2,6,7,3,16,17,18,19,4,4,4,4,41,4,0,3,7,20,21,22,23,5,5,5,5],
    "uvs":[[0.995096,0.905794,0.995096,0.939959,0.959449,0.939959,0.959449,0.905794,0.313278,0.693659,0.313278,0.727824,0.277631,0.727824,0.277631,0.693659,0.0860056,0.266539,0.0860056,0.361162,0.0503581,0.361162,0.0503581,0.266539,0.323085,0.307368,0.323085,0.212744,0.358733,0.212744,0.358733,0.307368,0.323085,0.203345,0.323085,0.108722,0.358733,0.108722,0.358733,0.203345,0.358733,0.00469966,0.358733,0.0993227,0.323085,0.0993227,0.323085,0.00469967]],
    "vertices":[-3.72297,-1.0067,1.08319,-3.72297,-1.0067,1.81017,-4.44995,-1.0067,1.81017,-4.44995,-1.0067,1.08319,-3.72297,1.0067,1.08319,-3.72297,1.0067,1.81017,-4.44995,1.0067,1.81017,-4.44995,1.0067,1.08319],
    "normals":[0,-1,0,0,1,0,1,-2.36832e-07,6.55922e-07,-1.63981e-07,-5.92079e-08,1,-1,0,0,3.27961e-07,5.92078e-08,-1],
    "metadata":{
        "generator":"io_three",
        "faces":6,
        "vertices":8,
        "type":"Geometry",
        "uvs":1,
        "normals":6,
        "version":3
    }
}