{
    "faces":[41,0,1,3,2,0,1,2,3,0,0,0,0],
    "normals":[0,1,-4.37114e-08],
    "metadata":{
        "faces":1,
        "type":"Geometry",
        "vertices":4,
        "version":3,
        "uvs":1,
        "normals":1,
        "generator":"io_three"
    },
    "vertices":[-35.3024,2.51237e-06,32.1201,34.4017,2.52626e-06,32.4378,-34.3493,-2.70636e-07,-31.5477,35.3548,-2.56749e-07,-31.23],
    "uvs":[[0,0,1,0,1,1,0,1]]
}